"","Low","Medium","High"
"Fawn (S)",0.202992408708333,0.327387075375,0.451781742041667
"Yearling (S)",0.706598666666667,0.803292,0.899985333333333
"Adult (S)",0.68805981,0.77459381,0.86112781
