"","Low","Medium","High"
"Fawn (S)",0.168202085020833,0.2925967516875,0.416991418354167
"Yearling (S)",0.706598666666667,0.803292,0.899985333333333
"Adult (S)",0.68805981,0.77459381,0.86112781
