"","Low","Medium","High"
"Fawn (S)",0.231993622534233,0.3563882892009,0.480782955867567
"Yearling (S)",0.772168819616667,0.86886215295,0.965555486283333
"Adult (S)",0.721450919471125,0.807984919471125,0.894518919471125
