"","Low","Medium","High"
"Fawn (S)",0.334828252902693,0.45922291956936,0.583617586236027
"Yearling (S)",0.788561972566667,0.8852553059,0.981948639233333
"Adult (S)",0.75484202894225,0.84137602894225,0.92791002894225
