"","Low","Medium","High"
"Fawn (S)",0.133411761333333,0.257806428,0.382201094666667
"Yearling (S)",0.755775666666667,0.852469,0.949162333333333
"Adult (S)",0.7005811238545,0.7871151238545,0.8736491238545
