"","Low","Medium","High"
"Fawn (S)",0.133411761333333,0.257806428,0.382201094666667
"Yearling (S)",0.804952666666667,0.901646,0.998339333333333
"Adult (S)",0.713102437709,0.799636437709,0.886170437709
