"","Low","Medium","High"
"Fawn (S)",0.260994836360133,0.3853895030268,0.509784169693467
"Yearling (S)",0.739384972566667,0.8360783059,0.932771639233333
"Adult (S)",0.72979940123325,0.81633340123325,0.90286740123325
