"","Low","Medium","High"
"Fawn (S)",0.197203298846733,0.3215979655134,0.445992632180067
"Yearling (S)",0.722991819616667,0.81968515295,0.916378486283333
"Adult (S)",0.708929605616625,0.795463605616625,0.881997605616625
