"","Low","Medium","High"
"Yearling (Birthrate)",0.55,0.65,0.75
"Adult (Birthrate)",0.75,0.85,0.95
"Fawn (S)",0.133411761333333,0.257806428,0.382201094666667
"Yearling (S)",0.706598666666667,0.803292,0.899985333333333
"Adult (S)",0.68805981,0.77459381,0.86112781
